,model,km,cost
0,2015 Honda Brio 1.2 VX AT I VTEC,"23,037kmPetrol2nd Owner","₹ 3,89,799"
1,2017 Maruti Swift VXI,"12,848kmPetrol1st Owner","₹ 4,68,899"
2,2017 Maruti Alto 800 LXI,"8,501kmPetrol1st Owner","₹ 3,09,499"
3,2017 Hyundai Grand i10 Sportz(O) 1.2 MT,"19,994kmPetrol2nd Owner","₹ 4,52,899"
4,2015 Maruti Alto K10 LXI,"10,957kmPetrol1st Owner","₹ 3,02,099"
5,2019 Maruti Baleno SIGMA 1.2 K12,"14,584kmPetrol1st Owner","₹ 5,05,099"
6,2019 Maruti Swift LXI,"8,997kmPetrol1st Owner","₹ 5,15,199"
7,2014 Maruti Ritz VDI Elate Limited Edition,"29,959kmDiesel1st Owner","₹ 3,79,699"
8,2017 Maruti Swift LXI OPT,"15,528kmPetrol1st Owner","₹ 4,54,399"
9,2013 Maruti Swift VDI,"11,019kmDiesel1st Owner","₹ 3,71,399"
10,2016 Mahindra Kuv100 K6+ 6 STR,"13,499kmPetrol1st Owner","₹ 3,91,899"
11,2017 Maruti Alto K10 VXI (O) AMT,"9,036kmPetrol1st Owner","₹ 3,60,699"
12,2010 Maruti Alto LXI,"29,645kmPetrol1st Owner","₹ 1,85,299"
13,2012 Maruti Swift LXI,"31,999kmPetrol1st Owner","₹ 3,21,499"
14,2010 Maruti Swift VXI,"27,473kmPetrol1st Owner","₹ 2,70,899"
15,2012 Honda City V MT PETROL,"54,643kmPetrol1st Owner","₹ 4,19,199"
16,2014 Maruti Alto 800 LXI,"31,745kmPetrol1st Owner","₹ 2,58,999"
17,2017 Maruti Swift VDI ABS,"16,646kmDiesel1st Owner","₹ 4,79,299"
18,2012 Maruti Swift ZXI,"15,538kmPetrol1st Owner","₹ 4,44,699"
19,2012 Honda Brio 1.2 S MT I VTEC,"39,831kmPetrol2nd Owner","₹ 2,81,799"
20,2013 Maruti Swift Dzire VDI BS IV,"44,284kmDiesel1st Owner","₹ 3,75,499"
21,2013 Hyundai Grand i10 MAGNA 1.2 VTVT,"40,273kmPetrol1st Owner","₹ 3,43,299"
22,2019 Maruti Swift VXI,"14,327kmPetrol1st Owner","₹ 5,56,199"
23,2009 Maruti Wagon R LXI MINOR,"36,035kmPetrol1st Owner","₹ 1,67,899"
24,2016 Maruti Alto 800 LXI,"21,305kmPetrol1st Owner","₹ 3,05,899"
25,2017 Maruti Alto K10 VXI (O) AMT,"20,764kmPetrol2nd Owner","₹ 3,69,299"
26,2012 Maruti Swift VXI,"34,092kmPetrol1st Owner","₹ 3,29,399"
27,2011 Maruti Zen Estilo LXI,"39,300kmPetrol2nd Owner","₹ 1,97,599"
28,2010 Maruti Alto LXI,"56,231kmPetrol2nd Owner","₹ 1,74,199"
29,2021 Maruti Alto VXI,"1,473kmPetrol1st Owner","₹ 3,80,299"
30,2010 Maruti A Star VXI ABS AT,"24,699kmPetrol1st Owner","₹ 2,31,799"
31,2011 Toyota Etios VX,"49,654kmPetrol2nd Owner","₹ 3,16,399"
32,2011 Maruti Alto K10 VXI,"24,353kmPetrol1st Owner","₹ 2,08,799"
33,2013 Maruti Alto K10 VXI,"36,750kmPetrol1st Owner","₹ 2,10,699"
34,2013 Maruti Swift Dzire VDI BS IV,"39,947kmDiesel1st Owner","₹ 4,02,599"
35,2015 Maruti Swift VDI ABS,"29,903kmDiesel1st Owner","₹ 4,47,099"
36,2013 Maruti Swift VDI,"50,647kmDiesel2nd Owner","₹ 3,42,499"
37,2012 Maruti Alto K10 LXI,"33,175kmPetrol1st Owner","₹ 2,40,799"
38,2020 Maruti IGNIS SIGMA 1.2 K12,"2,206kmPetrol1st Owner","₹ 5,04,099"
39,2012 Maruti Swift VDI,"35,969kmDiesel1st Owner","₹ 3,25,099"
40,2010 Maruti Zen Estilo VXI,"50,189kmPetrol2nd Owner","₹ 1,73,499"
41,2016 Maruti Baleno DELTA 1.2 K12,"35,013kmPetrol1st Owner","₹ 4,59,099"
42,2013 Maruti Swift Dzire VXI 1.2 BS IV,"43,289kmPetrol1st Owner","₹ 3,89,099"
43,2013 Hyundai Grand i10 MAGNA 1.2 VTVT,"43,986kmPetrol1st Owner","₹ 3,82,299"
44,2014 Maruti Swift VXI,"37,333kmPetrol1st Owner","₹ 4,12,899"
45,2012 Maruti Swift VDI,"47,140kmDiesel1st Owner","₹ 3,26,099"
46,2010 Maruti Ritz LXI,"26,740kmPetrol1st Owner","₹ 2,41,999"
47,2010 Maruti Wagon R 1.0 LXI,"45,029kmPetrol1st Owner","₹ 1,85,999"
48,2016 Maruti Alto 800 VXI,"24,069kmPetrol1st Owner","₹ 3,30,899"
49,2019 Renault Kwid 1.0 RXT Opt,"15,629kmPetrol1st Owner","₹ 3,68,099"
50,2017 Maruti Alto K10 VXI,"18,905kmPetrol1st Owner","₹ 3,40,799"
51,2011 Maruti A Star LXI,"53,953kmPetrol1st Owner","₹ 1,86,599"
52,2014 Maruti Celerio VXI,"43,574kmPetrol1st Owner","₹ 3,00,399"
53,2016 Maruti Alto K10 LXI,"32,519kmPetrol1st Owner","₹ 2,97,699"
54,2020 Maruti Baleno DELTA 1.2 K12,"3,920kmPetrol1st Owner","₹ 6,28,599"
55,2013 Maruti Swift LXI,"43,265kmPetrol3rd Owner","₹ 3,36,799"
56,2015 Hyundai Elite i20 SPORTZ (O) 1.4,"58,080kmDiesel2nd Owner","₹ 5,06,199"
57,2013 Maruti Swift ZDI,"24,022kmDiesel1st Owner","₹ 3,94,199"
58,2013 Hyundai Grand i10 SPORTZ 1.2 KAPPA VTVT,"43,969kmPetrol1st Owner","₹ 3,80,499"
59,2010 Maruti Ritz ZXI,"41,832kmPetrol1st Owner","₹ 2,51,999"
60,2017 Maruti Alto 800 LXI,"23,227kmPetrol1st Owner","₹ 2,67,199"
61,2009 Maruti A Star LXI,"30,403kmPetrol1st Owner","₹ 1,70,799"
62,2014 Hyundai Elite i20 MAGNA 1.4 CRDI,"56,402kmDiesel1st Owner","₹ 4,47,099"
63,2012 Maruti Swift Dzire VDI BS IV,"42,478kmDiesel2nd Owner","₹ 3,38,499"
64,2013 Maruti Wagon R 1.0 VXI,"36,501kmPetrol2nd Owner","₹ 2,52,399"
65,2017 Maruti Alto K10 VXI,"30,113kmPetrol1st Owner","₹ 3,06,999"
66,2015 Maruti Swift VXI,"56,548kmPetrol1st Owner","₹ 3,76,299"
67,2015 Hyundai Elite i20 ASTA 1.2,"47,354kmPetrol1st Owner","₹ 5,16,299"
68,2015 Hyundai Elite i20 ASTA 1.2,"21,236kmPetrol1st Owner","₹ 5,43,599"
69,2015 Maruti Alto K10 VXI,"46,683kmPetrol1st Owner","₹ 2,63,399"
70,2016 Maruti Alto 800 VXI,"32,339kmPetrol1st Owner","₹ 2,69,599"
71,2016 Maruti Alto 800 LXI,"30,140kmPetrol1st Owner","₹ 2,90,999"
72,2012 Maruti Ritz VDI,"41,213kmDiesel1st Owner","₹ 2,43,799"
73,2014 Maruti Alto 800 VXI,"42,796kmPetrol1st Owner","₹ 2,42,099"
74,2013 Maruti Alto 800 LXI,"64,338kmPetrol1st Owner","₹ 1,84,799"
75,2010 Maruti Ritz LXI,"55,198kmPetrol1st Owner","₹ 1,87,699"
76,2009 Maruti Alto LXI,"35,919kmPetrol1st Owner","₹ 1,71,699"
77,2017 Tata Tiago XZ 1.2 REVOTRON,"29,685kmPetrol2nd Owner","₹ 3,72,599"
78,2011 Maruti Ritz VXI BS IV,"59,945kmPetrol3rd Owner","₹ 2,58,399"
79,2011 Hyundai i10 MAGNA 1.1 IRDE2,"29,101kmPetrol3rd Owner","₹ 2,38,999"
80,2016 Hyundai Grand i10 MAGNA 1.2 KAPPA VTVT,"21,898kmPetrol1st Owner","₹ 3,85,299"
81,2016 Renault Kwid RXT,"27,806kmPetrol2nd Owner","₹ 2,64,799"
82,2012 Maruti Swift Dzire VDI BS IV,"82,064kmDiesel1st Owner","₹ 3,40,399"
83,2010 Maruti Ritz LXI,"54,953kmPetrol1st Owner","₹ 2,42,699"
84,2020 Volkswagen Polo COMFORTLINE PLUS 1.0,"14,468kmPetrol1st Owner","₹ 6,01,899"
85,2012 Maruti Swift Dzire ZDI,"52,072kmDiesel1st Owner","₹ 3,60,499"
86,2010 Honda City S MT PETROL,"47,405kmPetrol1st Owner","₹ 3,56,799"
87,2018 Maruti Alto K10 VXI,"3,212kmPetrol1st Owner","₹ 3,67,999"
88,2014 Maruti Alto 800 VXI,"37,134kmPetrol1st Owner","₹ 2,56,399"
89,2014 Maruti Alto K10 VXI,"51,228kmPetrol1st Owner","₹ 2,60,499"
90,2011 Maruti Alto K10 LXI,"70,345kmPetrol1st Owner","₹ 1,66,799"
91,2011 Maruti Alto K10 VXI,"51,523kmPetrol1st Owner","₹ 2,28,799"
92,2015 Honda Brio 1.2 S MT I VTEC,"58,396kmPetrol2nd Owner","₹ 3,40,899"
93,2012 Honda Brio 1.2 V MT I VTEC,"58,581kmPetrol1st Owner","₹ 2,33,099"
94,2012 Ford Figo 1.4 LXI DURATORQ,"61,510kmDiesel1st Owner","₹ 2,04,799"
95,2015 Maruti Swift VDI ABS,"37,481kmDiesel1st Owner","₹ 4,11,999"
96,2014 Maruti Swift LXI,"23,888kmPetrol1st Owner","₹ 4,51,299"
97,2014 Maruti Swift VXI,"61,261kmPetrol2nd Owner","₹ 3,79,099"
98,2012 Maruti Swift LXI,"65,916kmPetrol1st Owner","₹ 3,24,399"
99,2019 Maruti Celerio VXI,"11,873kmPetrol1st Owner","₹ 3,87,299"
100,2013 Honda Amaze 1.5 SMT I DTEC,"56,121kmDiesel1st Owner","₹ 2,81,299"
101,2009 Maruti Alto LXI,"57,864kmPetrol1st Owner","₹ 1,43,199"
102,2014 Maruti Swift Dzire VDI BS IV,"49,118kmDiesel1st Owner","₹ 3,70,999"
103,2010 Maruti Alto K10 VXI,"63,843kmPetrol3rd Owner","₹ 1,73,799"
104,2010 Hyundai i10 MAGNA 1.2,"29,993kmPetrol1st Owner","₹ 2,13,799"
105,2010 Maruti Alto LXI,"55,374kmPetrol2nd Owner","₹ 1,68,299"
106,2008 Maruti Wagon R LXI MINOR,"56,724kmPetrol1st Owner","₹ 1,75,499"
107,2016 Renault Kwid RXT Opt,"58,624kmPetrol1st Owner","₹ 2,39,599"
108,2017 Renault Kwid RXL1.0 EASY-R AT,"32,258kmPetrol1st Owner","₹ 2,94,599"
109,2010 Hyundai i10 ERA 1.1 IRDE,"37,419kmPetrol2nd Owner","₹ 2,21,499"
110,2017 Hyundai Grand i10 SPORTZ 1.2 KAPPA VTVT,"35,013kmPetrol2nd Owner","₹ 4,28,399"
111,2015 Honda Brio 1.2 VX AT I VTEC,"22,774kmPetrol1st Owner","₹ 4,20,599"
112,2013 Maruti Swift VDI,"45,478kmDiesel1st Owner","₹ 3,29,299"
113,2017 Maruti Dzire VXI,"32,466kmPetrol1st Owner","₹ 5,94,199"
114,2015 Maruti Swift VDI ABS,"63,435kmDiesel1st Owner","₹ 4,15,199"
115,2010 Honda City S MT PETROL,"35,578kmPetrol1st Owner","₹ 3,83,099"
116,2015 Hyundai Creta 1.4 S CRDI,"32,524kmDiesel1st Owner","₹ 7,10,699"
117,2010 Honda City S MT PETROL,"62,808kmPetrol1st Owner","₹ 3,99,799"
118,2013 Maruti Swift VDI,"58,850kmDiesel1st Owner","₹ 3,30,099"
119,2011 Maruti Wagon R 1.0 LXI,"59,276kmPetrol2nd Owner","₹ 2,25,299"
120,2016 Maruti Alto 800 LXI,"36,717kmPetrol1st Owner","₹ 2,82,499"
121,2016 Maruti Vitara Brezza VDI,"33,572kmDiesel1st Owner","₹ 6,93,899"
122,2012 Toyota Etios Liva GD,"61,443kmDiesel1st Owner","₹ 3,04,899"
123,2016 Tata Tiago XM 1.2 REVOTRON,"43,387kmPetrol1st Owner","₹ 3,23,099"
124,2013 Maruti Ertiga VDI ABS,"51,981kmDiesel1st Owner","₹ 4,75,999"
125,2015 Maruti Alto K10 VXI,"49,105kmPetrol1st Owner","₹ 2,63,899"
126,2018 Renault Kwid RXT Opt,"32,716kmPetrol2nd Owner","₹ 2,97,999"
127,2011 Hyundai i10 SPORTZ 1.2 KAPPA2,"53,077kmPetrol1st Owner","₹ 2,65,699"
128,2012 Maruti Swift Dzire VDI BS IV,"79,776kmDiesel1st Owner","₹ 3,36,299"
129,2012 Maruti Swift Dzire VDI BS IV,"68,930kmDiesel1st Owner","₹ 3,02,999"
130,2015 Hyundai Elite i20 MAGNA 1.4 CRDI,"52,659kmDiesel2nd Owner","₹ 4,44,399"
131,2019 Maruti Baleno DELTA 1.2 K12,"14,977kmPetrol1st Owner","₹ 6,53,699"
132,2014 Volkswagen Polo COMFORTLINE 1.5L DIESEL,"60,020kmDiesel1st Owner","₹ 3,54,099"
133,2009 Maruti Alto LXI,"55,752kmPetrol1st Owner","₹ 1,43,799"
134,2020 Renault Kwid RXL,"12,549kmPetrol1st Owner","₹ 3,65,699"
135,2018 Renault Kwid RXL,"32,703kmPetrol1st Owner","₹ 2,75,999"
136,2008 Maruti Swift Dzire VXI 1.3,"58,317kmPetrol2nd Owner","₹ 1,96,499"
137,2013 Hyundai Verna FLUIDIC 1.6 SX CRDI,"73,591kmDiesel1st Owner","₹ 4,25,699"
138,2009 Honda Jazz 1.2 BASE I VTEC,"75,136kmPetrol2nd Owner","₹ 2,08,799"
139,2015 Renault Kwid RXT,"54,227kmPetrol1st Owner","₹ 2,51,199"
140,2013 Maruti Swift VDI,"66,350kmDiesel1st Owner","₹ 3,11,399"
141,2015 Maruti Alto 800 LXI,"50,024kmPetrol1st Owner","₹ 2,66,999"
142,2011 Maruti Ritz VXI BS IV,"76,919kmPetrol1st Owner","₹ 2,42,799"
143,2016 Hyundai Grand i10 1.2 ASTA (O) AT,"48,934kmPetrol1st Owner","₹ 4,43,699"
144,2010 Maruti Alto LXI,"70,239kmPetrol1st Owner","₹ 1,50,499"
145,2011 Hyundai i10 MAGNA 1.1 IRDE2,"66,492kmPetrol1st Owner","₹ 2,57,299"
146,2016 Maruti Vitara Brezza VDI,"29,262kmDiesel1st Owner","₹ 6,47,599"
147,2013 Maruti Swift VDI,"68,546kmDiesel1st Owner","₹ 3,46,899"
148,2015 Maruti Alto K10 VXI,"57,955kmPetrol1st Owner","₹ 2,63,699"
149,2012 Volkswagen Polo COMFORTLINE 1.2L DIESEL,"69,584kmDiesel1st Owner","₹ 3,26,699"
150,2008 Maruti Swift Dzire VXI,"89,412kmPetrol2nd Owner","₹ 1,77,899"
151,2008 Hyundai i10 SPORTZ 1.2,"66,404kmPetrol1st Owner","₹ 1,72,299"
152,2016 Hyundai Grand i10 SPORTZ 1.2 KAPPA VTVT,"35,754kmPetrol2nd Owner","₹ 4,50,199"
153,2010 Maruti Swift Dzire VXI,"61,308kmPetrol1st Owner","₹ 2,82,899"
154,2012 Honda City V MT SUNROOF,"68,161kmPetrol1st Owner","₹ 4,53,099"
155,2015 Maruti Swift VDI ABS,"61,216kmDiesel2nd Owner","₹ 4,10,499"
156,2009 Maruti A Star VXI,"62,155kmPetrol1st Owner","₹ 1,64,799"
157,2015 Hyundai Elite i20 ASTA 1.2,"55,683kmPetrol1st Owner","₹ 5,48,199"
158,2018 Honda Jazz 1.2 V AT,"20,232kmPetrol1st Owner","₹ 5,97,799"
159,2015 Toyota Innova 2.5 GX 8 STR BS IV,"45,613kmDiesel1st Owner","₹ 8,34,499"
160,2012 Maruti Swift Dzire VDI BS IV,"94,644kmDiesel1st Owner","₹ 3,07,199"
161,2018 Maruti Baleno DELTA 1.2 K12,"28,821kmPetrol1st Owner","₹ 5,20,399"
162,2014 Renault Duster 85 PS RXL,"67,522kmDiesel2nd Owner","₹ 3,71,399"
163,2016 Hyundai Elite i20 1.4 CRDI ASTA (O),"44,364kmDiesel2nd Owner","₹ 5,46,199"
164,2017 Maruti Alto 800 LXI,"65,151kmPetrol1st Owner","₹ 2,87,399"
165,2012 Ford Fiesta TITANIUM DIESEL,"68,356kmDiesel2nd Owner","₹ 3,02,499"
166,2013 Maruti Swift VDI,"63,561kmDiesel1st Owner","₹ 3,50,599"
167,2012 Maruti Swift LXI,"67,752kmPetrol2nd Owner","₹ 3,11,899"
168,2011 Hyundai i10 MAGNA 1.2 KAPPA2,"73,012kmPetrol2nd Owner","₹ 2,41,599"
169,2015 Hyundai Elite i20 ASTA 1.2,"59,466kmPetrol1st Owner","₹ 5,05,899"
170,2008 Maruti SX4 VXI,"68,597kmPetrol2nd Owner","₹ 1,76,999"
171,2013 Maruti Swift Dzire VDI BS IV,"63,949kmDiesel1st Owner","₹ 3,49,399"
172,2014 Maruti Ritz ZXI,"58,664kmPetrol1st Owner","₹ 3,26,499"
173,2015 Maruti Swift VDI ABS,"59,849kmDiesel1st Owner","₹ 4,25,399"
174,2009 Maruti Ritz VXI,"62,936kmPetrol1st Owner","₹ 2,39,799"
175,2008 Maruti Swift LXI 1.3,"86,350kmPetrol1st Owner","₹ 1,89,999"
176,2018 Maruti Ciaz DELTA 1.4 VVT AT,"20,258kmPetrol1st Owner","₹ 7,63,699"
177,2016 Maruti Celerio ZXI,"72,059kmPetrol1st Owner","₹ 3,52,499"
178,2015 Honda Amaze 1.2 SMT I VTEC,"62,045kmPetrol1st Owner","₹ 4,38,599"
179,2014 Toyota Etios Liva D-4D VXD,"59,700kmDiesel2nd Owner","₹ 3,74,799"
180,2013 Maruti Swift Dzire VDI BS IV,"62,602kmDiesel1st Owner","₹ 3,46,199"
181,2015 Mahindra Scorpio S10,"70,049kmDiesel1st Owner","₹ 8,73,299"
182,2011 Honda CRV 2.4 AT,"71,014kmPetrol2nd Owner","₹ 5,17,499"
183,2008 Maruti Alto LXI,"58,267kmPetrol1st Owner","₹ 1,09,699"
184,2014 Maruti Swift VDI,"64,031kmDiesel1st Owner","₹ 4,03,899"
185,2010 Maruti Zen Estilo LXI,"66,275kmPetrol2nd Owner","₹ 1,79,099"
186,2011 Hyundai i10 MAGNA 1.2 KAPPA2,"85,761kmPetrol1st Owner","₹ 2,04,499"
187,2008 Maruti Swift LXI 1.3,"61,909kmPetrol1st Owner","₹ 1,96,299"
188,2012 Maruti Swift ZDI,"80,936kmDiesel1st Owner","₹ 3,09,499"
189,2018 Mahindra Scorpio S11,"85,283kmDiesel2nd Owner","₹ 12,96,499"
190,2013 Toyota Innova 2.5 GX 7 STR BS IV,"69,047kmDiesel1st Owner","₹ 6,26,399"
191,2013 Honda Amaze 1.5 EXMT I DTEC,"72,461kmDiesel1st Owner","₹ 2,86,599"
192,2019 Maruti Ertiga ZXI SMART HYBRID AT,"22,448kmPetrol1st Owner","₹ 9,06,399"
193,2017 Maruti Alto 800 LXI,"41,185kmPetrol1st Owner","₹ 2,89,099"
194,2008 Honda Accord 2.4 MT,"56,382kmPetrol2nd Owner","₹ 2,88,499"
195,2014 Maruti Ritz ZXI ABS,"61,249kmPetrol1st Owner","₹ 3,10,599"
196,2015 Hyundai Verna FLUIDIC 1.6 VTVT S,"54,018kmPetrol4th Owner","₹ 5,05,199"
197,2013 Maruti Swift Dzire ZDI,"67,598kmDiesel2nd Owner","₹ 3,96,099"
198,2019 Maruti Baleno ALPHA 1.2 K12 AMT,"12,745kmPetrol2nd Owner","₹ 7,45,899"
199,2013 Maruti Alto K10 VXI,"63,758kmPetrol3rd Owner","₹ 2,21,599"
200,2012 Hyundai i20 SPORTZ 1.4 CRDI,"85,411kmDiesel2nd Owner","₹ 2,59,799"
201,2012 Maruti Swift ZXI,"70,522kmPetrol1st Owner","₹ 3,99,599"
202,2014 Maruti Swift ZDI,"72,636kmDiesel1st Owner","₹ 4,28,799"
203,2013 Maruti Ritz VDI,"66,549kmDiesel1st Owner","₹ 3,00,499"
204,2015 Maruti Swift ZXI,"67,696kmPetrol1st Owner","₹ 3,81,399"
205,2014 Ford Ecosport 1.5 AMBIENTE TDCI,"59,818kmDiesel1st Owner","₹ 4,22,099"
206,2008 Hyundai i10 MAGNA 1.2,"69,701kmPetrol1st Owner","₹ 1,64,599"
207,2015 Maruti Swift VDI ABS,"63,642kmDiesel1st Owner","₹ 3,93,099"
208,2010 Honda Jazz 1.2 BASE I VTEC,"69,305kmPetrol1st Owner","₹ 3,18,499"
209,2013 Toyota Etios GD,"93,938kmDiesel2nd Owner","₹ 2,89,199"
210,2013 Maruti Swift Dzire VDI,"90,775kmDiesel1st Owner","₹ 3,54,999"
211,2014 Maruti Swift LXI,"61,924kmPetrol1st Owner","₹ 4,20,799"
212,2016 Maruti Vitara Brezza ZDI,"42,210kmDiesel2nd Owner","₹ 6,31,299"
213,2018 Maruti Wagon R 1.0 LXI,"69,958kmPetrol1st Owner","₹ 3,66,099"
214,2013 Hyundai Grand i10 SPORTZ 1.1 CRDI,"64,179kmDiesel1st Owner","₹ 2,83,299"
215,2015 Hyundai Grand i10 ASTA 1.2 AT VTVT,"69,588kmPetrol1st Owner","₹ 4,16,199"
216,2009 Maruti A Star VXI,"81,050kmPetrol2nd Owner","₹ 1,62,999"
217,2013 Toyota Etios Liva D 4D GD,"65,986kmDiesel1st Owner","₹ 3,14,299"
218,2014 Hyundai Eon ERA PLUS,"60,255kmPetrol1st Owner","₹ 2,53,599"
219,2013 Maruti Ritz VDI,"70,687kmDiesel1st Owner","₹ 2,78,899"
220,2013 Maruti Swift Dzire VDI,"69,373kmDiesel1st Owner","₹ 3,40,999"
221,2013 Maruti Swift VDI,"70,684kmDiesel1st Owner","₹ 3,34,999"
222,2010 Maruti SX4 ZXI,"64,018kmPetrol2nd Owner","₹ 2,48,599"
223,2016 Maruti Swift LXI OPT,"75,973kmPetrol1st Owner","₹ 3,65,099"
224,2012 Hyundai i20 SPORTZ 1.4 CRDI,"97,289kmDiesel2nd Owner","₹ 2,69,999"
225,2013 Hyundai i20 SPORTZ 1.4 CRDI,"69,046kmDiesel1st Owner","₹ 3,69,599"
226,2018 Honda City VX MT PETROL,"36,413kmPetrol2nd Owner","₹ 8,58,399"
227,2015 Maruti Ritz VDI,"64,475kmDiesel1st Owner","₹ 2,94,699"
228,2016 Mahindra Kuv100 K8 D 5 STR,"62,601kmDiesel1st Owner","₹ 3,27,699"
229,2012 Maruti Swift Dzire VDI BS IV,"77,954kmDiesel2nd Owner","₹ 2,93,899"
230,2013 Maruti Ritz VDI,"76,553kmDiesel1st Owner","₹ 2,73,599"
231,2016 Ford Ecosport 1.5 TITANIUM TI VCT,"53,896kmPetrol1st Owner","₹ 6,01,599"
232,2013 Maruti Swift Dzire ZDI,"69,000kmDiesel1st Owner","₹ 4,44,699"
233,2016 Hyundai Grand i10 SPORTS 1.2 VTVT,"54,578kmPetrol + CNG","₹ 3,66,699"
234,2013 Renault Duster 85 PS RXL OPT,"76,169kmDiesel1st Owner","₹ 4,05,299"
235,2018 Maruti Wagon R 1.0 VXI,"37,274kmPetrol1st Owner","₹ 4,03,499"
236,2012 Maruti Swift Dzire VDI BS IV,"80,671kmDiesel1st Owner","₹ 3,29,599"
237,2014 Maruti Swift VDI,"82,346kmDiesel1st Owner","₹ 3,52,399"
238,2015 Maruti Swift VDI ABS,"66,476kmDiesel1st Owner","₹ 4,06,099"
239,2016 Renault Kwid RXT,"52,417kmPetrol2nd Owner","₹ 2,12,099"
240,2011 Maruti Swift VXI,"78,545kmPetrol1st Owner","₹ 3,23,499"
241,2011 Honda City S MT PETROL,"86,581kmPetrol2nd Owner","₹ 3,21,899"
242,2008 Maruti Swift Dzire VXI,"1,23,467kmPetrol + CNG","₹ 2,02,199"
243,2012 Maruti Swift Dzire ZDI,"79,396kmDiesel1st Owner","₹ 3,58,799"
244,2019 Maruti Ertiga VXI SMART HYBRID,"12,685kmPetrol1st Owner","₹ 8,28,799"
245,2012 Maruti Swift VDI,"76,353kmDiesel1st Owner","₹ 3,08,299"
246,2015 Maruti Swift Dzire VDI BS IV,"69,039kmDiesel1st Owner","₹ 4,25,099"
247,2012 Maruti Swift Dzire VDI BS IV,"81,549kmDiesel1st Owner","₹ 3,67,999"
248,2019 Maruti Vitara Brezza VDI,"24,974kmDiesel1st Owner","₹ 8,12,599"
249,2018 Toyota Fortuner 2.8 4x2 AT,"36,813kmDiesel1st Owner","₹ 28,79,999"
250,2016 Maruti Vitara Brezza ZDI,"58,078kmDiesel1st Owner","₹ 6,30,899"
251,2009 Honda City 1.5 E MT PETROL,"96,417kmPetrol1st Owner","₹ 2,43,199"
252,2015 Maruti Swift VDI,"86,567kmDiesel1st Owner","₹ 3,63,699"
253,2012 Hyundai Verna FLUIDIC 1.6 SX CRDI OPT,"89,586kmDiesel1st Owner","₹ 4,15,499"
254,2012 Hyundai i20 SPORTZ 1.4 CRDI,"79,907kmDiesel2nd Owner","₹ 2,78,499"
255,2015 Maruti Swift VDI ABS,"70,952kmDiesel1st Owner","₹ 4,09,999"
256,2016 Maruti Vitara Brezza ZDI,"54,460kmDiesel1st Owner","₹ 7,06,199"
257,2015 Maruti Alto 800 LXI,"61,907kmPetrol1st Owner","₹ 2,31,799"
258,2014 Mahindra Scorpio S10,"24,847kmDiesel1st Owner","₹ 8,23,199"
259,2014 Maruti Swift VDI,"70,681kmDiesel2nd Owner","₹ 3,37,099"
260,2020 Hyundai Creta S CRDI,"27,629kmDiesel1st Owner","₹ 14,34,799"
261,2016 Maruti Eeco 5 STR WITH AC PLUS HTR,"75,552kmPetrol + CNG","₹ 2,77,499"
262,2018 Maruti Vitara Brezza ZDI,"40,249kmDiesel1st Owner","₹ 7,24,799"
263,2010 Honda City S MT PETROL,"86,479kmPetrol3rd Owner","₹ 2,91,199"
264,2010 Hyundai i10 MAGNA 1.2 KAPPA2,"87,770kmPetrol1st Owner","₹ 1,95,799"
265,2008 Hyundai Santro Xing GLS,"96,247kmPetrol1st Owner","₹ 1,34,999"
266,2017 Maruti Swift VXI,"58,074kmPetrol1st Owner","₹ 5,46,399"
267,2011 Maruti Alto K10 LXI,"80,346kmPetrol1st Owner","₹ 2,07,499"
268,2017 Toyota Innova Crysta Touring Sport Diesel MT,"51,238kmDiesel1st Owner","₹ 17,07,199"
269,2012 Maruti Ertiga ZDI,"81,227kmDiesel2nd Owner","₹ 3,72,499"
270,2012 Toyota Etios Liva GD SP,"94,755kmDiesel1st Owner","₹ 2,71,999"
271,2012 Maruti Swift VDI,"84,213kmDiesel1st Owner","₹ 3,17,399"
272,2019 Maruti Vitara Brezza VDI,"13,589kmDiesel1st Owner","₹ 8,16,099"
273,2012 Maruti Swift ZDI,"79,122kmDiesel2nd Owner","₹ 3,60,299"
274,2012 Maruti Ritz VDI,"80,575kmDiesel2nd Owner","₹ 2,28,399"
275,2015 Mahindra TUV300 T8 AT,"71,692kmDiesel2nd Owner","₹ 5,53,499"
276,2012 Maruti Swift VDI,"82,585kmDiesel1st Owner","₹ 3,02,799"
277,2012 Maruti Swift VDI,"80,682kmDiesel1st Owner","₹ 3,04,899"
278,2015 Hyundai Elite i20 MAGNA 1.4 CRDI,"78,343kmDiesel1st Owner","₹ 4,38,699"
279,2012 Maruti Swift ZDI,"84,352kmDiesel1st Owner","₹ 3,20,299"
280,2013 Maruti Swift LDI BS IV,"75,493kmDiesel1st Owner","₹ 3,01,499"
281,2013 Maruti Swift VDI,"74,429kmDiesel2nd Owner","₹ 3,13,099"
282,2008 Maruti Alto LXI,"83,258kmPetrol1st Owner","₹ 1,34,599"
283,2014 Maruti Swift Dzire VDI BS IV,"79,282kmDiesel1st Owner","₹ 3,87,999"
284,2019 Ford Ecosport 1.5TITANIUM TDCI,"11,563kmDiesel2nd Owner","₹ 8,47,199"
285,2013 Ssangyong Rexton RX7,"75,753kmDiesel1st Owner","₹ 6,00,899"
286,2013 Maruti Swift Dzire LDI BS IV,"72,772kmDiesel1st Owner","₹ 2,82,499"
287,2010 Maruti Ritz LXI,"1,01,633kmPetrol2nd Owner","₹ 2,10,799"
288,2013 Maruti Swift VDI,"67,011kmDiesel1st Owner","₹ 3,45,399"
289,2012 Maruti Swift Dzire VDI BS IV,"95,472kmDiesel1st Owner","₹ 2,82,999"
290,2014 Hyundai Elite i20 ASTA 1.4 CRDI,"72,907kmDiesel1st Owner","₹ 4,46,299"
291,2009 Maruti Ritz VXI,"80,590kmPetrol1st Owner","₹ 2,51,299"
292,2013 Maruti Swift Dzire VDI,"79,116kmDiesel1st Owner","₹ 3,69,899"
293,2010 Honda City S MT PETROL,"86,768kmPetrol3rd Owner","₹ 3,38,999"
294,2019 Ford Ecosport 1.5TITANIUM TDCI,"18,721kmDiesel1st Owner","₹ 8,76,899"
295,2013 Maruti Swift Dzire ZDI,"77,823kmDiesel1st Owner","₹ 3,71,099"
296,2009 Maruti Wagon R LXI MINOR,"1,12,057kmPetrol + CNG","₹ 1,82,799"
297,2013 Maruti Swift Dzire ZDI,"88,228kmDiesel1st Owner","₹ 4,23,799"
298,2017 Toyota Innova Crysta 2.4 VX 7 STR,"62,375kmDiesel1st Owner","₹ 15,92,799"
299,2012 Maruti Swift Dzire ZDI,"86,622kmDiesel1st Owner","₹ 3,51,399"
300,2014 Maruti Swift VXI,"71,876kmPetrol1st Owner","₹ 3,82,199"
301,2015 Maruti Swift VDI ABS,"92,086kmDiesel1st Owner","₹ 3,89,099"
302,2016 Maruti Alto K10 VXI,"85,207kmPetrol2nd Owner","₹ 2,68,299"
303,2011 Hyundai Santro Xing GL PLUS,"1,39,038kmPetrol1st Owner","₹ 1,56,799"
304,2017 Mahindra Scorpio S6 PLUS,"42,322kmDiesel1st Owner","₹ 8,56,999"
305,2014 Maruti Swift VDI,"71,382kmDiesel1st Owner","₹ 3,52,599"
306,2010 Skoda Superb ELEGANCE 1.8 TSI AT,"85,270kmPetrol2nd Owner","₹ 3,82,599"
307,2008 Maruti Alto LXI,"54,799kmPetrol1st Owner","₹ 1,12,399"
308,2013 Renault Duster RXL DIESEL 110,"77,490kmDiesel2nd Owner","₹ 3,12,899"
309,2015 Maruti Swift Dzire VDI BS IV,"75,571kmDiesel2nd Owner","₹ 4,00,499"
310,2016 Maruti Alto K10 VXI AMT,"60,770kmPetrol1st Owner","₹ 2,64,399"
311,2013 Renault Duster 85 PS RXE,"78,090kmDiesel1st Owner","₹ 3,40,099"
312,2012 Maruti Ritz VDI,"86,937kmDiesel2nd Owner","₹ 2,64,999"
313,2012 Maruti Swift Dzire VDI BS IV,"1,15,770kmDiesel1st Owner","₹ 2,98,899"
314,2014 Maruti Alto K10 LXI,"79,502kmPetrol1st Owner","₹ 2,24,499"
315,2019 Hyundai VENUE SX(O) CRDi,"25,835kmDiesel1st Owner","₹ 9,72,999"
316,2009 Maruti Zen Estilo VXI,"98,519kmPetrol1st Owner","₹ 1,60,199"
317,2012 Volkswagen Jetta TRENDLINE 1.4 TSI MT,"88,973kmPetrol2nd Owner","₹ 4,39,699"
318,2012 Maruti Swift VDI,"95,400kmDiesel2nd Owner","₹ 2,85,899"
319,2013 Chevrolet Cruze LTZ,"91,254kmDiesel1st Owner","₹ 4,87,399"
320,2015 Honda Jazz 1.2 V AT,"87,341kmPetrol2nd Owner","₹ 4,45,899"
321,2015 Hyundai Creta 1.6 S,"20,087kmPetrol2nd Owner","₹ 7,98,499"
322,2014 Fiat Punto EVO MULTIJET 1.3 90 HP,"82,095kmDiesel1st Owner","₹ 2,66,799"
323,2012 Fiat Grand Punto EMOTION PACK 1.3,"1,15,684kmDiesel1st Owner","₹ 1,42,799"
324,2014 Maruti Swift VDI,"79,144kmDiesel1st Owner","₹ 3,65,999"
325,2015 Maruti Swift VDI ABS,"76,042kmDiesel1st Owner","₹ 4,17,899"
326,2016 Mahindra Scorpio S10,"54,407kmDiesel1st Owner","₹ 9,93,199"
327,2014 Maruti Swift VDI,"72,597kmDiesel1st Owner","₹ 3,59,299"
328,2019 Hyundai VENUE 1.0 TURBO GDI SX+ AT,"7,510kmPetrol1st Owner","₹ 10,64,499"
329,2018 Maruti Vitara Brezza VDI,"57,789kmDiesel1st Owner","₹ 6,42,999"
330,2012 Hyundai Verna FLUIDIC 1.6 SX CRDI OPT,"88,559kmDiesel1st Owner","₹ 4,41,899"
331,2017 Toyota Innova Crysta 2.4 GX 7 STR,"42,841kmDiesel1st Owner","₹ 13,33,499"
332,2012 Maruti Swift Dzire VDI BS IV,"97,973kmDiesel1st Owner","₹ 3,41,399"
333,2008 Hyundai Santro Xing GL,"91,288kmPetrol1st Owner","₹ 1,45,399"
334,2014 Maruti Swift VDI ABS,"83,368kmDiesel1st Owner","₹ 3,60,399"
335,2015 Maruti Swift VDI ABS,"76,724kmDiesel1st Owner","₹ 4,11,699"
336,2010 Maruti Ritz VXI BS IV,"1,61,419kmPetrol2nd Owner","₹ 2,01,799"
337,2014 Hyundai Verna FLUIDIC 1.6 SX CRDI,"82,592kmDiesel2nd Owner","₹ 4,45,999"
338,2012 Maruti Swift Dzire VDI BS IV,"90,249kmDiesel1st Owner","₹ 3,10,299"
339,2011 Honda City S MT PETROL,"1,36,865kmPetrol1st Owner","₹ 3,11,399"
340,2014 Volkswagen Vento COMFORTLINE DIESEL,"82,081kmDiesel1st Owner","₹ 3,14,999"
341,2012 Ford Figo 1.4 LXI DURATORQ,"1,09,230kmDiesel1st Owner","₹ 2,24,199"
342,2019 Maruti Vitara Brezza VDI,"33,431kmDiesel1st Owner","₹ 8,13,999"
343,2013 Renault Duster 85 PS RXE,"84,715kmDiesel2nd Owner","₹ 3,69,599"
344,2018 Hyundai Creta 1.6 SX (O) CRDI,"59,837kmDiesel2nd Owner","₹ 11,41,499"
345,2014 Maruti Swift Dzire VDI BS IV,"82,140kmDiesel2nd Owner","₹ 3,59,899"
346,2013 Maruti Swift Dzire VDI BS IV,"78,368kmDiesel1st Owner","₹ 4,15,799"
347,2011 Maruti Alto K10 VXI,"1,18,427kmPetrol1st Owner","₹ 1,68,499"
348,2015 Toyota Etios CROSS 1.4 GD,"79,123kmDiesel1st Owner","₹ 4,10,599"
349,2011 Toyota Etios VX,"1,06,148kmPetrol2nd Owner","₹ 2,58,599"
350,2014 Maruti Swift Dzire VDI BS IV,"95,770kmDiesel1st Owner","₹ 3,67,599"
351,2012 Hyundai i20 SPORTZ O 1.4 CRDI,"87,995kmDiesel3rd Owner","₹ 2,46,599"
352,2013 Maruti Swift Dzire VDI BS IV,"83,315kmDiesel1st Owner","₹ 3,65,199"
353,2012 Toyota Etios Liva GD,"94,952kmDiesel1st Owner","₹ 2,59,299"
354,2011 Chevrolet Beat LS PETROL,"94,604kmPetrol1st Owner","₹ 1,56,499"
355,2013 Renault Duster 85 PS RXE,"80,353kmDiesel1st Owner","₹ 3,66,599"
356,2013 Maruti Swift VDI,"78,620kmDiesel2nd Owner","₹ 3,55,199"
357,2012 Maruti Ritz LDI,"1,01,187kmDiesel2nd Owner","₹ 2,04,899"
358,2015 Maruti Swift VDI ABS,"86,072kmDiesel1st Owner","₹ 4,12,999"
359,2013 Hyundai i20 SPORTZ 1.4 CRDI,"84,346kmDiesel1st Owner","₹ 3,31,699"
360,2009 Maruti Zen Estilo VXI,"99,165kmPetrol2nd Owner","₹ 1,48,799"
361,2013 Maruti Swift VDI,"82,591kmDiesel1st Owner","₹ 3,31,299"
362,2012 Toyota Etios Liva D 4D GD,"87,914kmDiesel1st Owner","₹ 2,60,799"
363,2011 Maruti Swift VXI,"95,427kmPetrol2nd Owner","₹ 2,55,499"
364,2013 Maruti Swift VDI,"86,036kmDiesel1st Owner","₹ 3,30,399"
365,2012 Maruti Swift VDI,"89,809kmDiesel1st Owner","₹ 2,84,699"
366,2014 Maruti Swift VXI,"84,232kmPetrol1st Owner","₹ 4,02,899"
367,2015 Maruti Swift VDI ABS,"85,611kmDiesel1st Owner","₹ 4,07,799"
368,2013 Mercedes Benz E Class E 220 CDI ELEGANCE,"52,110kmDiesel1st Owner","₹ 12,47,899"
369,2007 Hyundai i10 ERA,"1,09,750kmPetrol1st Owner","₹ 1,55,999"
370,2013 Maruti Swift VDI,"87,567kmDiesel1st Owner","₹ 3,32,999"
371,2015 Ford Figo Aspire 1.2 TREND PETROL,"84,802kmPetrol2nd Owner","₹ 3,45,099"
372,2015 Maruti Swift VDI ABS,"86,417kmDiesel1st Owner","₹ 4,26,199"
373,2015 Maruti Swift Dzire LDI BS IV,"99,782kmDiesel1st Owner","₹ 3,67,699"
374,2007 Maruti Alto LXI,"59,676kmPetrol1st Owner","₹ 1,01,499"
375,2013 Renault Scala RXZ,"89,370kmDiesel1st Owner","₹ 2,52,199"
376,2013 Maruti Swift VDI,"81,239kmDiesel1st Owner","₹ 3,17,599"
377,2015 Maruti Swift VDI ABS,"72,533kmDiesel2nd Owner","₹ 4,04,499"
378,2016 Renault Duster 85 PS RXE,"66,041kmDiesel2nd Owner","₹ 5,69,099"
379,2013 Maruti Swift Dzire VXI AT,"99,254kmPetrol2nd Owner","₹ 3,22,099"
380,2014 Hyundai Grand i10 MAGNA 1.1 CRDI,"85,203kmDiesel2nd Owner","₹ 2,62,399"
381,2014 Maruti Swift VXI,"86,371kmPetrol1st Owner","₹ 3,99,699"
382,2013 Toyota Fortuner 3.0 MT 4X2,"2,05,697kmDiesel1st Owner","₹ 10,21,799"
383,2011 Hyundai i10 MAGNA 1.2 KAPPA2,"1,05,271kmPetrol1st Owner","₹ 2,06,099"
384,2012 Maruti Swift Dzire VDI BS IV,"1,05,522kmDiesel1st Owner","₹ 3,13,899"
385,2010 Honda City S MT PETROL,"1,13,701kmPetrol1st Owner","₹ 3,46,399"
386,2013 Honda Brio 1.2 S MT I VTEC,"93,013kmPetrol1st Owner","₹ 2,09,999"
387,2016 Maruti Baleno ALPHA DDIS 190,"81,175kmDiesel1st Owner","₹ 5,27,299"
388,2013 Maruti Swift VDI,"87,266kmDiesel1st Owner","₹ 3,26,099"
389,2012 Hyundai i20 ASTA 1.4 CRDI,"1,08,007kmDiesel2nd Owner","₹ 3,03,699"
390,2014 Mahindra Scorpio S10,"48,555kmDiesel1st Owner","₹ 8,64,399"
391,2015 Maruti Swift Dzire LDI BS IV,"87,852kmDiesel1st Owner","₹ 3,71,999"
392,2017 Maruti S Cross ALPHA SHVS,"86,066kmDiesel1st Owner","₹ 8,33,299"
393,2013 Renault Duster 85 PS RXL OPT,"93,113kmDiesel1st Owner","₹ 4,15,799"
394,2018 Maruti Vitara Brezza VDI,"67,617kmDiesel1st Owner","₹ 7,30,499"
395,2016 Ford Ecosport 1.5AMBIENTE TI VCT,"74,781kmPetrol2nd Owner","₹ 5,44,699"
396,2012 Maruti Swift VDI,"1,02,024kmDiesel1st Owner","₹ 2,89,999"
397,2013 Honda Brio 1.2 S MT I VTEC,"90,659kmPetrol2nd Owner","₹ 2,32,699"
398,2013 Hyundai i20 MAGNA O 1.4 CRDI,"94,267kmDiesel1st Owner","₹ 3,13,499"
399,2015 Maruti Swift VDI ABS,"92,527kmDiesel1st Owner","₹ 3,77,399"
400,2012 Toyota Corolla Altis D 4D J,"1,05,865kmDiesel1st Owner","₹ 3,71,199"
401,2018 Honda Amaze 1.5 SMT I DTEC,"56,926kmDiesel1st Owner","₹ 5,52,099"
402,2012 Hyundai Verna FLUIDIC 1.6 SX CRDI OPT,"95,741kmDiesel1st Owner","₹ 3,99,699"
403,2017 Maruti Ciaz VDI+ SHVS,"60,966kmDiesel1st Owner","₹ 5,71,699"
404,2012 Maruti Swift VDI,"95,613kmDiesel1st Owner","₹ 3,00,599"
405,2016 Maruti Vitara Brezza VDI,"71,468kmDiesel1st Owner","₹ 6,10,899"
406,2017 Maruti Vitara Brezza ZDI,"92,788kmDiesel1st Owner","₹ 6,48,699"
407,2013 Maruti Ritz LDI,"97,984kmDiesel1st Owner","₹ 2,19,899"
408,2013 Volkswagen Vento HIGHLINE DIESEL,"95,866kmDiesel1st Owner","₹ 3,32,299"
409,2016 Mercedes Benz GLA Class 200 CGI SPOTRS,"27,617kmPetrol1st Owner","₹ 19,52,199"
410,2010 Maruti Ritz LXI,"75,699kmPetrol + CNG","₹ 2,41,399"
411,2014 Hyundai Eon ERA PLUS,"76,990kmPetrol1st Owner","₹ 2,38,299"
412,2016 Maruti S Cross ALPHA 1.6,"82,459kmDiesel1st Owner","₹ 5,30,999"
413,2014 Maruti Swift Dzire VDI BS IV,"92,793kmDiesel1st Owner","₹ 3,89,099"
414,2013 Maruti Ertiga VDI ABS,"86,148kmDiesel2nd Owner","₹ 4,47,799"
415,2014 Maruti Swift VXI,"91,931kmPetrol1st Owner","₹ 3,66,399"
416,2013 Toyota Innova 2.5 GX 7 STR BS IV,"96,015kmDiesel1st Owner","₹ 6,11,599"
417,2017 Ford Ecosport 1.5 TDCI TITANIUM PLUS,"79,368kmDiesel1st Owner","₹ 6,66,299"
418,2010 Honda Jazz 1.2 BASE I VTEC,"1,07,333kmPetrol2nd Owner","₹ 2,35,099"
419,2011 Maruti Ritz VXI BS IV,"1,15,774kmPetrol1st Owner","₹ 2,88,199"
